symbol,name,exchange,currency,date,open,high,low,close,volume,available_at
AAPL,AAPL Inc,NASDAQ,USD,2023-09-01,152.27,154.56,151.5,153.03,5000000,2023-09-01T21:00:00Z
AAPL,AAPL Inc,NASDAQ,USD,2023-09-04,152.38,154.68,151.61,153.14,5000000,2023-09-04T21:00:00Z
AAPL,AAPL Inc,NASDAQ,USD,2023-09-05,155.48,157.82,154.7,156.26,5000000,2023-09-05T21:00:00Z
AAPL,AAPL Inc,NASDAQ,USD,2023-09-06,152.08,154.37,151.31,152.84,5000000,2023-09-06T21:00:00Z
AAPL,AAPL Inc,NASDAQ,USD,2023-09-07,153.14,155.45,152.37,153.91,5000000,2023-09-07T21:00:00Z
AAPL,AAPL Inc,NASDAQ,USD,2023-09-08,153.94,156.26,153.16,154.71,5000000,2023-09-08T21:00:00Z
AAPL,AAPL Inc,NASDAQ,USD,2023-09-11,153.37,155.68,152.6,154.14,5000000,2023-09-11T21:00:00Z
AAPL,AAPL Inc,NASDAQ,USD,2023-09-12,150.87,153.15,150.11,151.63,5000000,2023-09-12T21:00:00Z
AAPL,AAPL Inc,NASDAQ,USD,2023-09-13,151.3,153.58,150.53,152.06,5000000,2023-09-13T21:00:00Z
AAPL,AAPL Inc,NASDAQ,USD,2023-09-14,150.53,152.8,149.77,151.28,5000000,2023-09-14T21:00:00Z
AAPL,AAPL Inc,NASDAQ,USD,2023-09-15,154.04,156.36,153.26,154.81,5000000,2023-09-15T21:00:00Z
AAPL,AAPL Inc,NASDAQ,USD,2023-09-18,154.37,156.7,153.6,155.15,5000000,2023-09-18T21:00:00Z
AAPL,AAPL Inc,NASDAQ,USD,2023-09-19,152.17,154.46,151.4,152.93,5000000,2023-09-19T21:00:00Z
AAPL,AAPL Inc,NASDAQ,USD,2023-09-20,151.34,153.62,150.58,152.1,5000000,2023-09-20T21:00:00Z
AAPL,AAPL Inc,NASDAQ,USD,2023-09-21,152.72,155.02,151.95,153.49,5000000,2023-09-21T21:00:00Z
AAPL,AAPL Inc,NASDAQ,USD,2023-09-22,155.29,157.63,154.51,156.07,5000000,2023-09-22T21:00:00Z
AAPL,AAPL Inc,NASDAQ,USD,2023-09-25,158.65,161.05,157.86,159.45,5000000,2023-09-25T21:00:00Z
AAPL,AAPL Inc,NASDAQ,USD,2023-09-26,155.4,157.74,154.62,156.18,5000000,2023-09-26T21:00:00Z
AAPL,AAPL Inc,NASDAQ,USD,2023-09-27,156.93,159.3,156.14,157.72,5000000,2023-09-27T21:00:00Z
AAPL,AAPL Inc,NASDAQ,USD,2023-09-28,159.1,161.5,158.3,159.9,5000000,2023-09-28T21:00:00Z
AAPL,AAPL Inc,NASDAQ,USD,2023-09-29,163.52,165.98,162.69,164.34,5000000,2023-09-29T21:00:00Z
AAPL,AAPL Inc,NASDAQ,USD,2023-10-02,162.98,165.43,162.16,163.8,5000000,2023-10-02T21:00:00Z
AAPL,AAPL Inc,NASDAQ,USD,2023-10-03,164.99,167.48,164.16,165.82,5000000,2023-10-03T21:00:00Z
AAPL,AAPL Inc,NASDAQ,USD,2023-10-04,163.06,165.52,162.24,163.88,5000000,2023-10-04T21:00:00Z
AAPL,AAPL Inc,NASDAQ,USD,2023-10-05,161.83,164.27,161.01,162.64,5000000,2023-10-05T21:00:00Z
AAPL,AAPL Inc,NASDAQ,USD,2023-10-06,161.51,163.95,160.7,162.33,5000000,2023-10-06T21:00:00Z
AAPL,AAPL Inc,NASDAQ,USD,2023-10-09,164.55,167.03,163.72,165.38,5000000,2023-10-09T21:00:00Z
AAPL,AAPL Inc,NASDAQ,USD,2023-10-10,167.23,169.75,166.39,168.07,5000000,2023-10-10T21:00:00Z
AAPL,AAPL Inc,NASDAQ,USD,2023-10-11,160.85,163.28,160.04,161.66,5000000,2023-10-11T21:00:00Z
AAPL,AAPL Inc,NASDAQ,USD,2023-10-12,160.68,163.1,159.87,161.49,5000000,2023-10-12T21:00:00Z
AAPL,AAPL Inc,NASDAQ,USD,2023-10-13,159.78,162.19,158.98,160.59,5000000,2023-10-13T21:00:00Z
AAPL,AAPL Inc,NASDAQ,USD,2023-10-16,158.93,161.32,158.13,159.73,5000000,2023-10-16T21:00:00Z
AAPL,AAPL Inc,NASDAQ,USD,2023-10-17,157.63,160.0,156.84,158.42,5000000,2023-10-17T21:00:00Z
AAPL,AAPL Inc,NASDAQ,USD,2023-10-18,158.32,160.71,157.52,159.11,5000000,2023-10-18T21:00:00Z
AAPL,AAPL Inc,NASDAQ,USD,2023-10-19,158.06,160.44,157.27,158.86,5000000,2023-10-19T21:00:00Z
AAPL,AAPL Inc,NASDAQ,USD,2023-10-20,157.09,159.46,156.3,157.88,5000000,2023-10-20T21:00:00Z
AAPL,AAPL Inc,NASDAQ,USD,2023-10-23,157.9,160.29,157.11,158.7,5000000,2023-10-23T21:00:00Z
AAPL,AAPL Inc,NASDAQ,USD,2023-10-24,161.99,164.44,161.18,162.81,5000000,2023-10-24T21:00:00Z
AAPL,AAPL Inc,NASDAQ,USD,2023-10-25,164.58,167.06,163.75,165.41,5000000,2023-10-25T21:00:00Z
AAPL,AAPL Inc,NASDAQ,USD,2023-10-26,164.15,166.62,163.32,164.97,5000000,2023-10-26T21:00:00Z
AAPL,AAPL Inc,NASDAQ,USD,2023-10-27,162.56,165.01,161.74,163.37,5000000,2023-10-27T21:00:00Z
AAPL,AAPL Inc,NASDAQ,USD,2023-10-30,164.92,167.41,164.09,165.75,5000000,2023-10-30T21:00:00Z
AAPL,AAPL Inc,NASDAQ,USD,2023-10-31,163.48,165.95,162.66,164.3,5000000,2023-10-31T21:00:00Z
AAPL,AAPL Inc,NASDAQ,USD,2023-11-01,164.38,166.86,163.55,165.2,5000000,2023-11-01T21:00:00Z
AAPL,AAPL Inc,NASDAQ,USD,2023-11-02,163.36,165.82,162.54,164.18,5000000,2023-11-02T21:00:00Z
AAPL,AAPL Inc,NASDAQ,USD,2023-11-03,162.81,165.26,161.99,163.62,5000000,2023-11-03T21:00:00Z
AAPL,AAPL Inc,NASDAQ,USD,2023-11-06,161.55,163.98,160.73,162.36,5000000,2023-11-06T21:00:00Z
AAPL,AAPL Inc,NASDAQ,USD,2023-11-07,157.02,159.39,156.23,157.81,5000000,2023-11-07T21:00:00Z
AAPL,AAPL Inc,NASDAQ,USD,2023-11-08,157.46,159.84,156.67,158.25,5000000,2023-11-08T21:00:00Z
AAPL,AAPL Inc,NASDAQ,USD,2023-11-09,158.7,161.09,157.9,159.5,5000000,2023-11-09T21:00:00Z
AAPL,AAPL Inc,NASDAQ,USD,2023-11-10,159.89,162.3,159.09,160.69,5000000,2023-11-10T21:00:00Z
AAPL,AAPL Inc,NASDAQ,USD,2023-11-13,159.2,161.6,158.4,160.0,5000000,2023-11-13T21:00:00Z
AAPL,AAPL Inc,NASDAQ,USD,2023-11-14,160.28,162.7,159.47,161.09,5000000,2023-11-14T21:00:00Z
AAPL,AAPL Inc,NASDAQ,USD,2023-11-15,164.31,166.79,163.48,165.14,5000000,2023-11-15T21:00:00Z
AAPL,AAPL Inc,NASDAQ,USD,2023-11-16,161.4,163.83,160.59,162.21,5000000,2023-11-16T21:00:00Z
AAPL,AAPL Inc,NASDAQ,USD,2023-11-17,162.21,164.66,161.4,163.03,5000000,2023-11-17T21:00:00Z
AAPL,AAPL Inc,NASDAQ,USD,2023-11-20,159.55,161.96,158.75,160.36,5000000,2023-11-20T21:00:00Z
AAPL,AAPL Inc,NASDAQ,USD,2023-11-21,159.79,162.2,158.99,160.59,5000000,2023-11-21T21:00:00Z
AAPL,AAPL Inc,NASDAQ,USD,2023-11-22,161.45,163.88,160.64,162.26,5000000,2023-11-22T21:00:00Z
AAPL,AAPL Inc,NASDAQ,USD,2023-11-23,161.29,163.72,160.48,162.1,5000000,2023-11-23T21:00:00Z
AAPL,AAPL Inc,NASDAQ,USD,2023-11-24,161.13,163.56,160.32,161.94,5000000,2023-11-24T21:00:00Z
AAPL,AAPL Inc,NASDAQ,USD,2023-11-27,161.97,164.41,161.16,162.79,5000000,2023-11-27T21:00:00Z
AAPL,AAPL Inc,NASDAQ,USD,2023-11-28,161.68,164.12,160.87,162.5,5000000,2023-11-28T21:00:00Z
AAPL,AAPL Inc,NASDAQ,USD,2023-11-29,165.71,168.2,164.87,166.54,5000000,2023-11-29T21:00:00Z
AAPL,AAPL Inc,NASDAQ,USD,2023-11-30,167.21,169.73,166.37,168.05,5000000,2023-11-30T21:00:00Z
AAPL,AAPL Inc,NASDAQ,USD,2023-12-01,165.91,168.41,165.08,166.74,5000000,2023-12-01T21:00:00Z
AAPL,AAPL Inc,NASDAQ,USD,2023-12-04,167.96,170.5,167.12,168.81,5000000,2023-12-04T21:00:00Z
AAPL,AAPL Inc,NASDAQ,USD,2023-12-05,164.06,166.54,163.24,164.89,5000000,2023-12-05T21:00:00Z
AAPL,AAPL Inc,NASDAQ,USD,2023-12-06,167.65,170.18,166.81,168.49,5000000,2023-12-06T21:00:00Z
AAPL,AAPL Inc,NASDAQ,USD,2023-12-07,170.84,173.42,169.98,171.7,5000000,2023-12-07T21:00:00Z
AAPL,AAPL Inc,NASDAQ,USD,2023-12-08,169.51,172.06,168.66,170.36,5000000,2023-12-08T21:00:00Z
AAPL,AAPL Inc,NASDAQ,USD,2023-12-11,175.02,177.66,174.14,175.9,5000000,2023-12-11T21:00:00Z
AAPL,AAPL Inc,NASDAQ,USD,2023-12-12,175.1,177.74,174.22,175.98,5000000,2023-12-12T21:00:00Z
AAPL,AAPL Inc,NASDAQ,USD,2023-12-13,172.81,175.41,171.94,173.68,5000000,2023-12-13T21:00:00Z
AAPL,AAPL Inc,NASDAQ,USD,2023-12-14,174.19,176.81,173.31,175.06,5000000,2023-12-14T21:00:00Z
AAPL,AAPL Inc,NASDAQ,USD,2023-12-15,173.31,175.93,172.44,174.18,5000000,2023-12-15T21:00:00Z
AAPL,AAPL Inc,NASDAQ,USD,2023-12-18,174.37,177.0,173.5,175.25,5000000,2023-12-18T21:00:00Z
AAPL,AAPL Inc,NASDAQ,USD,2023-12-19,177.58,180.26,176.69,178.48,5000000,2023-12-19T21:00:00Z
AAPL,AAPL Inc,NASDAQ,USD,2023-12-20,182.54,185.29,181.62,183.46,5000000,2023-12-20T21:00:00Z
AAPL,AAPL Inc,NASDAQ,USD,2023-12-21,179.56,182.27,178.66,180.46,5000000,2023-12-21T21:00:00Z
AAPL,AAPL Inc,NASDAQ,USD,2023-12-22,183.32,186.08,182.4,184.24,5000000,2023-12-22T21:00:00Z
AAPL,AAPL Inc,NASDAQ,USD,2023-12-25,184.07,186.84,183.14,184.99,5000000,2023-12-25T21:00:00Z
AAPL,AAPL Inc,NASDAQ,USD,2023-12-26,187.05,189.87,186.11,187.99,5000000,2023-12-26T21:00:00Z
AAPL,AAPL Inc,NASDAQ,USD,2023-12-27,190.71,193.59,189.76,191.67,5000000,2023-12-27T21:00:00Z
AAPL,AAPL Inc,NASDAQ,USD,2023-12-28,191.04,193.92,190.08,192.0,5000000,2023-12-28T21:00:00Z
AAPL,AAPL Inc,NASDAQ,USD,2023-12-29,189.64,192.5,188.69,190.59,5000000,2023-12-29T21:00:00Z
AAPL,AAPL Inc,NASDAQ,USD,2024-01-01,190.73,193.6,189.77,191.69,5000000,2024-01-01T21:00:00Z
AAPL,AAPL Inc,NASDAQ,USD,2024-01-02,189.77,192.63,188.81,190.72,5000000,2024-01-02T21:00:00Z
AAPL,AAPL Inc,NASDAQ,USD,2024-01-03,191.05,193.93,190.09,192.01,5000000,2024-01-03T21:00:00Z
AAPL,AAPL Inc,NASDAQ,USD,2024-01-04,186.29,189.1,185.35,187.23,5000000,2024-01-04T21:00:00Z
AAPL,AAPL Inc,NASDAQ,USD,2024-01-05,188.5,191.34,187.55,189.45,5000000,2024-01-05T21:00:00Z
AAPL,AAPL Inc,NASDAQ,USD,2024-01-08,182.84,185.6,181.92,183.76,5000000,2024-01-08T21:00:00Z
AAPL,AAPL Inc,NASDAQ,USD,2024-01-09,185.1,187.89,184.17,186.03,5000000,2024-01-09T21:00:00Z
AAPL,AAPL Inc,NASDAQ,USD,2024-01-10,186.25,189.06,185.31,187.19,5000000,2024-01-10T21:00:00Z
AAPL,AAPL Inc,NASDAQ,USD,2024-01-11,183.86,186.63,182.94,184.78,5000000,2024-01-11T21:00:00Z
AAPL,AAPL Inc,NASDAQ,USD,2024-01-12,181.31,184.04,180.4,182.22,5000000,2024-01-12T21:00:00Z
AAPL,AAPL Inc,NASDAQ,USD,2024-01-15,184.81,187.6,183.88,185.74,5000000,2024-01-15T21:00:00Z
AAPL,AAPL Inc,NASDAQ,USD,2024-01-16,181.45,184.19,180.54,182.36,5000000,2024-01-16T21:00:00Z
AAPL,AAPL Inc,NASDAQ,USD,2024-01-17,178.38,181.07,177.48,179.27,5000000,2024-01-17T21:00:00Z
AAPL,AAPL Inc,NASDAQ,USD,2024-01-18,175.9,178.55,175.02,176.79,5000000,2024-01-18T21:00:00Z
MSFT,MSFT Inc,NASDAQ,USD,2023-09-01,299.19,303.7,297.69,300.69,5000000,2023-09-01T21:00:00Z
MSFT,MSFT Inc,NASDAQ,USD,2023-09-04,299.35,303.86,297.84,300.85,5000000,2023-09-04T21:00:00Z
MSFT,MSFT Inc,NASDAQ,USD,2023-09-05,302.52,307.08,301.0,304.04,5000000,2023-09-05T21:00:00Z
MSFT,MSFT Inc,NASDAQ,USD,2023-09-06,307.26,311.89,305.72,308.8,5000000,2023-09-06T21:00:00Z
MSFT,MSFT Inc,NASDAQ,USD,2023-09-07,297.79,302.28,296.3,299.29,5000000,2023-09-07T21:00:00Z
MSFT,MSFT Inc,NASDAQ,USD,2023-09-08,297.19,301.67,295.7,298.68,5000000,2023-09-08T21:00:00Z
MSFT,MSFT Inc,NASDAQ,USD,2023-09-11,299.1,303.6,297.59,300.6,5000000,2023-09-11T21:00:00Z
MSFT,MSFT Inc,NASDAQ,USD,2023-09-12,302.4,306.96,300.88,303.92,5000000,2023-09-12T21:00:00Z
MSFT,MSFT Inc,NASDAQ,USD,2023-09-13,299.89,304.41,298.38,301.39,5000000,2023-09-13T21:00:00Z
MSFT,MSFT Inc,NASDAQ,USD,2023-09-14,294.8,299.24,293.31,296.28,5000000,2023-09-14T21:00:00Z
MSFT,MSFT Inc,NASDAQ,USD,2023-09-15,299.65,304.17,298.15,301.16,5000000,2023-09-15T21:00:00Z
MSFT,MSFT Inc,NASDAQ,USD,2023-09-18,299.98,304.51,298.48,301.49,5000000,2023-09-18T21:00:00Z
MSFT,MSFT Inc,NASDAQ,USD,2023-09-19,294.25,298.69,292.77,295.73,5000000,2023-09-19T21:00:00Z
MSFT,MSFT Inc,NASDAQ,USD,2023-09-20,287.95,292.3,286.51,289.4,5000000,2023-09-20T21:00:00Z
MSFT,MSFT Inc,NASDAQ,USD,2023-09-21,288.17,292.51,286.72,289.61,5000000,2023-09-21T21:00:00Z
MSFT,MSFT Inc,NASDAQ,USD,2023-09-22,280.2,284.43,278.79,281.61,5000000,2023-09-22T21:00:00Z
MSFT,MSFT Inc,NASDAQ,USD,2023-09-25,285.01,289.31,283.58,286.44,5000000,2023-09-25T21:00:00Z
MSFT,MSFT Inc,NASDAQ,USD,2023-09-26,290.99,295.38,289.53,292.45,5000000,2023-09-26T21:00:00Z
MSFT,MSFT Inc,NASDAQ,USD,2023-09-27,293.36,297.78,291.88,294.83,5000000,2023-09-27T21:00:00Z
MSFT,MSFT Inc,NASDAQ,USD,2023-09-28,291.18,295.57,289.72,292.64,5000000,2023-09-28T21:00:00Z
MSFT,MSFT Inc,NASDAQ,USD,2023-09-29,289.06,293.42,287.61,290.51,5000000,2023-09-29T21:00:00Z
MSFT,MSFT Inc,NASDAQ,USD,2023-10-02,294.72,299.16,293.24,296.2,5000000,2023-10-02T21:00:00Z
MSFT,MSFT Inc,NASDAQ,USD,2023-10-03,295.46,299.91,293.97,296.94,5000000,2023-10-03T21:00:00Z
MSFT,MSFT Inc,NASDAQ,USD,2023-10-04,287.9,292.24,286.46,289.35,5000000,2023-10-04T21:00:00Z
MSFT,MSFT Inc,NASDAQ,USD,2023-10-05,295.03,299.47,293.54,296.51,5000000,2023-10-05T21:00:00Z
MSFT,MSFT Inc,NASDAQ,USD,2023-10-06,297.31,301.79,295.81,298.8,5000000,2023-10-06T21:00:00Z
MSFT,MSFT Inc,NASDAQ,USD,2023-10-09,294.66,299.1,293.18,296.14,5000000,2023-10-09T21:00:00Z
MSFT,MSFT Inc,NASDAQ,USD,2023-10-10,299.82,304.34,298.31,301.32,5000000,2023-10-10T21:00:00Z
MSFT,MSFT Inc,NASDAQ,USD,2023-10-11,303.76,308.34,302.23,305.29,5000000,2023-10-11T21:00:00Z
MSFT,MSFT Inc,NASDAQ,USD,2023-10-12,312.32,317.03,310.75,313.89,5000000,2023-10-12T21:00:00Z
MSFT,MSFT Inc,NASDAQ,USD,2023-10-13,312.62,317.33,311.05,314.19,5000000,2023-10-13T21:00:00Z
MSFT,MSFT Inc,NASDAQ,USD,2023-10-16,317.78,322.57,316.18,319.37,5000000,2023-10-16T21:00:00Z
MSFT,MSFT Inc,NASDAQ,USD,2023-10-17,327.13,332.06,325.49,328.78,5000000,2023-10-17T21:00:00Z
MSFT,MSFT Inc,NASDAQ,USD,2023-10-18,333.02,338.04,331.35,334.69,5000000,2023-10-18T21:00:00Z
MSFT,MSFT Inc,NASDAQ,USD,2023-10-19,331.96,336.96,330.29,333.63,5000000,2023-10-19T21:00:00Z
MSFT,MSFT Inc,NASDAQ,USD,2023-10-20,336.09,341.16,334.41,337.78,5000000,2023-10-20T21:00:00Z
MSFT,MSFT Inc,NASDAQ,USD,2023-10-23,338.64,343.74,336.94,340.34,5000000,2023-10-23T21:00:00Z
MSFT,MSFT Inc,NASDAQ,USD,2023-10-24,340.49,345.63,338.78,342.2,5000000,2023-10-24T21:00:00Z
MSFT,MSFT Inc,NASDAQ,USD,2023-10-25,347.47,352.71,345.73,349.22,5000000,2023-10-25T21:00:00Z
MSFT,MSFT Inc,NASDAQ,USD,2023-10-26,350.76,356.05,349.0,352.53,5000000,2023-10-26T21:00:00Z
MSFT,MSFT Inc,NASDAQ,USD,2023-10-27,345.26,350.47,343.53,347.0,5000000,2023-10-27T21:00:00Z
MSFT,MSFT Inc,NASDAQ,USD,2023-10-30,342.98,348.15,341.25,344.7,5000000,2023-10-30T21:00:00Z
MSFT,MSFT Inc,NASDAQ,USD,2023-10-31,344.88,350.07,343.14,346.61,5000000,2023-10-31T21:00:00Z
MSFT,MSFT Inc,NASDAQ,USD,2023-11-01,341.12,346.26,339.41,342.83,5000000,2023-11-01T21:00:00Z
MSFT,MSFT Inc,NASDAQ,USD,2023-11-02,345.47,350.68,343.74,347.21,5000000,2023-11-02T21:00:00Z
MSFT,MSFT Inc,NASDAQ,USD,2023-11-03,348.24,353.49,346.49,349.99,5000000,2023-11-03T21:00:00Z
MSFT,MSFT Inc,NASDAQ,USD,2023-11-06,343.19,348.36,341.46,344.91,5000000,2023-11-06T21:00:00Z
MSFT,MSFT Inc,NASDAQ,USD,2023-11-07,339.53,344.65,337.83,341.24,5000000,2023-11-07T21:00:00Z
MSFT,MSFT Inc,NASDAQ,USD,2023-11-08,336.64,341.72,334.95,338.34,5000000,2023-11-08T21:00:00Z
MSFT,MSFT Inc,NASDAQ,USD,2023-11-09,334.47,339.51,332.79,336.15,5000000,2023-11-09T21:00:00Z
MSFT,MSFT Inc,NASDAQ,USD,2023-11-10,332.14,337.15,330.47,333.81,5000000,2023-11-10T21:00:00Z
MSFT,MSFT Inc,NASDAQ,USD,2023-11-13,330.64,335.62,328.97,332.3,5000000,2023-11-13T21:00:00Z
MSFT,MSFT Inc,NASDAQ,USD,2023-11-14,333.82,338.86,332.15,335.5,5000000,2023-11-14T21:00:00Z
MSFT,MSFT Inc,NASDAQ,USD,2023-11-15,339.28,344.39,337.57,340.98,5000000,2023-11-15T21:00:00Z
MSFT,MSFT Inc,NASDAQ,USD,2023-11-16,349.45,354.72,347.7,351.21,5000000,2023-11-16T21:00:00Z
MSFT,MSFT Inc,NASDAQ,USD,2023-11-17,352.31,357.62,350.54,354.08,5000000,2023-11-17T21:00:00Z
MSFT,MSFT Inc,NASDAQ,USD,2023-11-20,356.21,361.58,354.42,358.0,5000000,2023-11-20T21:00:00Z
MSFT,MSFT Inc,NASDAQ,USD,2023-11-21,352.26,357.57,350.49,354.03,5000000,2023-11-21T21:00:00Z
MSFT,MSFT Inc,NASDAQ,USD,2023-11-22,361.37,366.81,359.55,363.18,5000000,2023-11-22T21:00:00Z
MSFT,MSFT Inc,NASDAQ,USD,2023-11-23,368.8,374.36,366.95,370.66,5000000,2023-11-23T21:00:00Z
MSFT,MSFT Inc,NASDAQ,USD,2023-11-24,363.06,368.53,361.23,364.88,5000000,2023-11-24T21:00:00Z
MSFT,MSFT Inc,NASDAQ,USD,2023-11-27,371.11,376.71,369.25,372.98,5000000,2023-11-27T21:00:00Z
MSFT,MSFT Inc,NASDAQ,USD,2023-11-28,372.96,378.59,371.09,374.84,5000000,2023-11-28T21:00:00Z
MSFT,MSFT Inc,NASDAQ,USD,2023-11-29,361.5,366.95,359.68,363.31,5000000,2023-11-29T21:00:00Z
MSFT,MSFT Inc,NASDAQ,USD,2023-11-30,367.75,373.3,365.9,369.6,5000000,2023-11-30T21:00:00Z
MSFT,MSFT Inc,NASDAQ,USD,2023-12-01,362.8,368.27,360.98,364.62,5000000,2023-12-01T21:00:00Z
MSFT,MSFT Inc,NASDAQ,USD,2023-12-04,355.21,360.57,353.43,357.0,5000000,2023-12-04T21:00:00Z
MSFT,MSFT Inc,NASDAQ,USD,2023-12-05,364.95,370.45,363.12,366.78,5000000,2023-12-05T21:00:00Z
MSFT,MSFT Inc,NASDAQ,USD,2023-12-06,370.59,376.18,368.73,372.46,5000000,2023-12-06T21:00:00Z
MSFT,MSFT Inc,NASDAQ,USD,2023-12-07,370.03,375.61,368.17,371.89,5000000,2023-12-07T21:00:00Z
MSFT,MSFT Inc,NASDAQ,USD,2023-12-08,367.23,372.76,365.38,369.07,5000000,2023-12-08T21:00:00Z
MSFT,MSFT Inc,NASDAQ,USD,2023-12-11,363.9,369.38,362.07,365.73,5000000,2023-12-11T21:00:00Z
MSFT,MSFT Inc,NASDAQ,USD,2023-12-12,368.1,373.65,366.25,369.95,5000000,2023-12-12T21:00:00Z
MSFT,MSFT Inc,NASDAQ,USD,2023-12-13,363.52,369.0,361.69,365.35,5000000,2023-12-13T21:00:00Z
MSFT,MSFT Inc,NASDAQ,USD,2023-12-14,373.75,379.38,371.87,375.62,5000000,2023-12-14T21:00:00Z
MSFT,MSFT Inc,NASDAQ,USD,2023-12-15,371.72,377.32,369.85,373.59,5000000,2023-12-15T21:00:00Z
MSFT,MSFT Inc,NASDAQ,USD,2023-12-18,372.55,378.17,370.68,374.43,5000000,2023-12-18T21:00:00Z
MSFT,MSFT Inc,NASDAQ,USD,2023-12-19,373.23,378.86,371.35,375.11,5000000,2023-12-19T21:00:00Z
MSFT,MSFT Inc,NASDAQ,USD,2023-12-20,366.23,371.75,364.39,368.07,5000000,2023-12-20T21:00:00Z
MSFT,MSFT Inc,NASDAQ,USD,2023-12-21,374.95,380.6,373.06,376.83,5000000,2023-12-21T21:00:00Z
MSFT,MSFT Inc,NASDAQ,USD,2023-12-22,370.21,375.79,368.35,372.07,5000000,2023-12-22T21:00:00Z
MSFT,MSFT Inc,NASDAQ,USD,2023-12-25,365.82,371.33,363.98,367.66,5000000,2023-12-25T21:00:00Z
MSFT,MSFT Inc,NASDAQ,USD,2023-12-26,366.93,372.46,365.08,368.77,5000000,2023-12-26T21:00:00Z
MSFT,MSFT Inc,NASDAQ,USD,2023-12-27,375.33,380.99,373.44,377.21,5000000,2023-12-27T21:00:00Z
MSFT,MSFT Inc,NASDAQ,USD,2023-12-28,370.48,376.07,368.62,372.34,5000000,2023-12-28T21:00:00Z
MSFT,MSFT Inc,NASDAQ,USD,2023-12-29,365.94,371.46,364.1,367.78,5000000,2023-12-29T21:00:00Z
MSFT,MSFT Inc,NASDAQ,USD,2024-01-01,377.96,383.66,376.06,379.86,5000000,2024-01-01T21:00:00Z
MSFT,MSFT Inc,NASDAQ,USD,2024-01-02,377.4,383.09,375.5,379.3,5000000,2024-01-02T21:00:00Z
MSFT,MSFT Inc,NASDAQ,USD,2024-01-03,358.76,364.17,356.96,360.57,5000000,2024-01-03T21:00:00Z
MSFT,MSFT Inc,NASDAQ,USD,2024-01-04,369.2,374.77,367.35,371.06,5000000,2024-01-04T21:00:00Z
MSFT,MSFT Inc,NASDAQ,USD,2024-01-05,377.27,382.96,375.37,379.17,5000000,2024-01-05T21:00:00Z
MSFT,MSFT Inc,NASDAQ,USD,2024-01-08,378.33,384.04,376.43,380.23,5000000,2024-01-08T21:00:00Z
MSFT,MSFT Inc,NASDAQ,USD,2024-01-09,374.77,380.42,372.89,376.65,5000000,2024-01-09T21:00:00Z
MSFT,MSFT Inc,NASDAQ,USD,2024-01-10,368.51,374.06,366.66,370.36,5000000,2024-01-10T21:00:00Z
MSFT,MSFT Inc,NASDAQ,USD,2024-01-11,367.96,373.5,366.11,369.81,5000000,2024-01-11T21:00:00Z
MSFT,MSFT Inc,NASDAQ,USD,2024-01-12,372.1,377.71,370.23,373.97,5000000,2024-01-12T21:00:00Z
MSFT,MSFT Inc,NASDAQ,USD,2024-01-15,373.57,379.2,371.69,375.45,5000000,2024-01-15T21:00:00Z
MSFT,MSFT Inc,NASDAQ,USD,2024-01-16,379.65,385.38,377.75,381.56,5000000,2024-01-16T21:00:00Z
MSFT,MSFT Inc,NASDAQ,USD,2024-01-17,391.73,397.63,389.76,393.7,5000000,2024-01-17T21:00:00Z
MSFT,MSFT Inc,NASDAQ,USD,2024-01-18,407.58,413.73,405.53,409.63,5000000,2024-01-18T21:00:00Z
NVDA,NVDA Inc,NASDAQ,USD,2023-09-01,101.22,102.75,100.71,101.73,5000000,2023-09-01T21:00:00Z
NVDA,NVDA Inc,NASDAQ,USD,2023-09-04,102.8,104.35,102.29,103.32,5000000,2023-09-04T21:00:00Z
NVDA,NVDA Inc,NASDAQ,USD,2023-09-05,102.52,104.06,102.0,103.03,5000000,2023-09-05T21:00:00Z
NVDA,NVDA Inc,NASDAQ,USD,2023-09-06,100.15,101.66,99.65,100.66,5000000,2023-09-06T21:00:00Z
NVDA,NVDA Inc,NASDAQ,USD,2023-09-07,100.31,101.82,99.81,100.82,5000000,2023-09-07T21:00:00Z
NVDA,NVDA Inc,NASDAQ,USD,2023-09-08,97.19,98.66,96.7,97.68,5000000,2023-09-08T21:00:00Z
NVDA,NVDA Inc,NASDAQ,USD,2023-09-11,101.11,102.63,100.6,101.61,5000000,2023-09-11T21:00:00Z
NVDA,NVDA Inc,NASDAQ,USD,2023-09-12,99.42,100.92,98.92,99.92,5000000,2023-09-12T21:00:00Z
NVDA,NVDA Inc,NASDAQ,USD,2023-09-13,96.51,97.96,96.02,96.99,5000000,2023-09-13T21:00:00Z
NVDA,NVDA Inc,NASDAQ,USD,2023-09-14,93.8,95.22,93.33,94.27,5000000,2023-09-14T21:00:00Z
NVDA,NVDA Inc,NASDAQ,USD,2023-09-15,93.47,94.88,93.0,93.94,5000000,2023-09-15T21:00:00Z
NVDA,NVDA Inc,NASDAQ,USD,2023-09-18,93.7,95.11,93.23,94.17,5000000,2023-09-18T21:00:00Z
NVDA,NVDA Inc,NASDAQ,USD,2023-09-19,93.95,95.36,93.47,94.42,5000000,2023-09-19T21:00:00Z
NVDA,NVDA Inc,NASDAQ,USD,2023-09-20,94.97,96.4,94.49,95.45,5000000,2023-09-20T21:00:00Z
NVDA,NVDA Inc,NASDAQ,USD,2023-09-21,98.36,99.84,97.87,98.86,5000000,2023-09-21T21:00:00Z
NVDA,NVDA Inc,NASDAQ,USD,2023-09-22,98.57,100.06,98.08,99.07,5000000,2023-09-22T21:00:00Z
NVDA,NVDA Inc,NASDAQ,USD,2023-09-25,95.62,97.06,95.14,96.1,5000000,2023-09-25T21:00:00Z
NVDA,NVDA Inc,NASDAQ,USD,2023-09-26,98.83,100.32,98.33,99.32,5000000,2023-09-26T21:00:00Z
NVDA,NVDA Inc,NASDAQ,USD,2023-09-27,100.46,101.98,99.96,100.97,5000000,2023-09-27T21:00:00Z
NVDA,NVDA Inc,NASDAQ,USD,2023-09-28,101.35,102.88,100.84,101.86,5000000,2023-09-28T21:00:00Z
NVDA,NVDA Inc,NASDAQ,USD,2023-09-29,101.59,103.13,101.08,102.1,5000000,2023-09-29T21:00:00Z
NVDA,NVDA Inc,NASDAQ,USD,2023-10-02,99.07,100.57,98.58,99.57,5000000,2023-10-02T21:00:00Z
NVDA,NVDA Inc,NASDAQ,USD,2023-10-03,99.46,100.96,98.96,99.96,5000000,2023-10-03T21:00:00Z
NVDA,NVDA Inc,NASDAQ,USD,2023-10-04,99.01,100.5,98.51,99.51,5000000,2023-10-04T21:00:00Z
NVDA,NVDA Inc,NASDAQ,USD,2023-10-05,99.66,101.16,99.16,100.16,5000000,2023-10-05T21:00:00Z
NVDA,NVDA Inc,NASDAQ,USD,2023-10-06,99.89,101.39,99.38,100.39,5000000,2023-10-06T21:00:00Z
NVDA,NVDA Inc,NASDAQ,USD,2023-10-09,97.92,99.39,97.42,98.41,5000000,2023-10-09T21:00:00Z
NVDA,NVDA Inc,NASDAQ,USD,2023-10-10,98.35,99.83,97.85,98.84,5000000,2023-10-10T21:00:00Z
NVDA,NVDA Inc,NASDAQ,USD,2023-10-11,94.97,96.41,94.5,95.45,5000000,2023-10-11T21:00:00Z
NVDA,NVDA Inc,NASDAQ,USD,2023-10-12,94.2,95.62,93.73,94.68,5000000,2023-10-12T21:00:00Z
NVDA,NVDA Inc,NASDAQ,USD,2023-10-13,93.32,94.72,92.85,93.78,5000000,2023-10-13T21:00:00Z
NVDA,NVDA Inc,NASDAQ,USD,2023-10-16,93.66,95.07,93.19,94.13,5000000,2023-10-16T21:00:00Z
NVDA,NVDA Inc,NASDAQ,USD,2023-10-17,92.64,94.04,92.17,93.1,5000000,2023-10-17T21:00:00Z
NVDA,NVDA Inc,NASDAQ,USD,2023-10-18,91.95,93.34,91.49,92.41,5000000,2023-10-18T21:00:00Z
NVDA,NVDA Inc,NASDAQ,USD,2023-10-19,90.04,91.4,89.59,90.5,5000000,2023-10-19T21:00:00Z
NVDA,NVDA Inc,NASDAQ,USD,2023-10-20,88.83,90.17,88.38,89.28,5000000,2023-10-20T21:00:00Z
NVDA,NVDA Inc,NASDAQ,USD,2023-10-23,88.68,90.02,88.24,89.13,5000000,2023-10-23T21:00:00Z
NVDA,NVDA Inc,NASDAQ,USD,2023-10-24,89.6,90.95,89.15,90.05,5000000,2023-10-24T21:00:00Z
NVDA,NVDA Inc,NASDAQ,USD,2023-10-25,87.36,88.67,86.92,87.8,5000000,2023-10-25T21:00:00Z
NVDA,NVDA Inc,NASDAQ,USD,2023-10-26,86.37,87.67,85.93,86.8,5000000,2023-10-26T21:00:00Z
NVDA,NVDA Inc,NASDAQ,USD,2023-10-27,85.27,86.55,84.84,85.7,5000000,2023-10-27T21:00:00Z
NVDA,NVDA Inc,NASDAQ,USD,2023-10-30,86.12,87.42,85.69,86.56,5000000,2023-10-30T21:00:00Z
NVDA,NVDA Inc,NASDAQ,USD,2023-10-31,84.57,85.84,84.14,84.99,5000000,2023-10-31T21:00:00Z
NVDA,NVDA Inc,NASDAQ,USD,2023-11-01,82.74,83.99,82.32,83.16,5000000,2023-11-01T21:00:00Z
NVDA,NVDA Inc,NASDAQ,USD,2023-11-02,81.29,82.52,80.88,81.7,5000000,2023-11-02T21:00:00Z
NVDA,NVDA Inc,NASDAQ,USD,2023-11-03,80.79,82.01,80.39,81.2,5000000,2023-11-03T21:00:00Z
NVDA,NVDA Inc,NASDAQ,USD,2023-11-06,81.98,83.22,81.57,82.39,5000000,2023-11-06T21:00:00Z
NVDA,NVDA Inc,NASDAQ,USD,2023-11-07,81.88,83.12,81.47,82.29,5000000,2023-11-07T21:00:00Z
NVDA,NVDA Inc,NASDAQ,USD,2023-11-08,83.33,84.59,82.91,83.75,5000000,2023-11-08T21:00:00Z
NVDA,NVDA Inc,NASDAQ,USD,2023-11-09,83.46,84.72,83.04,83.88,5000000,2023-11-09T21:00:00Z
NVDA,NVDA Inc,NASDAQ,USD,2023-11-10,86.3,87.61,85.87,86.74,5000000,2023-11-10T21:00:00Z
NVDA,NVDA Inc,NASDAQ,USD,2023-11-13,86.73,88.04,86.3,87.17,5000000,2023-11-13T21:00:00Z
NVDA,NVDA Inc,NASDAQ,USD,2023-11-14,86.33,87.63,85.9,86.77,5000000,2023-11-14T21:00:00Z
NVDA,NVDA Inc,NASDAQ,USD,2023-11-15,88.0,89.33,87.56,88.44,5000000,2023-11-15T21:00:00Z
NVDA,NVDA Inc,NASDAQ,USD,2023-11-16,88.81,90.15,88.36,89.25,5000000,2023-11-16T21:00:00Z
NVDA,NVDA Inc,NASDAQ,USD,2023-11-17,90.12,91.48,89.66,90.57,5000000,2023-11-17T21:00:00Z
NVDA,NVDA Inc,NASDAQ,USD,2023-11-20,90.85,92.22,90.4,91.31,5000000,2023-11-20T21:00:00Z
NVDA,NVDA Inc,NASDAQ,USD,2023-11-21,91.31,92.69,90.85,91.77,5000000,2023-11-21T21:00:00Z
NVDA,NVDA Inc,NASDAQ,USD,2023-11-22,89.78,91.14,89.33,90.23,5000000,2023-11-22T21:00:00Z
NVDA,NVDA Inc,NASDAQ,USD,2023-11-23,89.97,91.32,89.51,90.42,5000000,2023-11-23T21:00:00Z
NVDA,NVDA Inc,NASDAQ,USD,2023-11-24,90.77,92.14,90.31,91.23,5000000,2023-11-24T21:00:00Z
NVDA,NVDA Inc,NASDAQ,USD,2023-11-27,92.18,93.56,91.71,92.64,5000000,2023-11-27T21:00:00Z
NVDA,NVDA Inc,NASDAQ,USD,2023-11-28,90.68,92.05,90.23,91.14,5000000,2023-11-28T21:00:00Z
NVDA,NVDA Inc,NASDAQ,USD,2023-11-29,90.18,91.54,89.73,90.64,5000000,2023-11-29T21:00:00Z
NVDA,NVDA Inc,NASDAQ,USD,2023-11-30,91.05,92.42,90.59,91.51,5000000,2023-11-30T21:00:00Z
NVDA,NVDA Inc,NASDAQ,USD,2023-12-01,90.61,91.97,90.15,91.06,5000000,2023-12-01T21:00:00Z
NVDA,NVDA Inc,NASDAQ,USD,2023-12-04,91.86,93.24,91.4,92.32,5000000,2023-12-04T21:00:00Z
NVDA,NVDA Inc,NASDAQ,USD,2023-12-05,92.61,94.01,92.15,93.08,5000000,2023-12-05T21:00:00Z
NVDA,NVDA Inc,NASDAQ,USD,2023-12-06,91.66,93.04,91.19,92.12,5000000,2023-12-06T21:00:00Z
NVDA,NVDA Inc,NASDAQ,USD,2023-12-07,89.77,91.12,89.32,90.22,5000000,2023-12-07T21:00:00Z
NVDA,NVDA Inc,NASDAQ,USD,2023-12-08,89.23,90.58,88.78,89.68,5000000,2023-12-08T21:00:00Z
NVDA,NVDA Inc,NASDAQ,USD,2023-12-11,90.46,91.83,90.01,90.92,5000000,2023-12-11T21:00:00Z
NVDA,NVDA Inc,NASDAQ,USD,2023-12-12,92.16,93.55,91.7,92.63,5000000,2023-12-12T21:00:00Z
NVDA,NVDA Inc,NASDAQ,USD,2023-12-13,92.13,93.52,91.67,92.6,5000000,2023-12-13T21:00:00Z
NVDA,NVDA Inc,NASDAQ,USD,2023-12-14,90.23,91.59,89.78,90.68,5000000,2023-12-14T21:00:00Z
NVDA,NVDA Inc,NASDAQ,USD,2023-12-15,90.32,91.68,89.86,90.77,5000000,2023-12-15T21:00:00Z
NVDA,NVDA Inc,NASDAQ,USD,2023-12-18,92.36,93.76,91.9,92.83,5000000,2023-12-18T21:00:00Z
NVDA,NVDA Inc,NASDAQ,USD,2023-12-19,92.18,93.57,91.72,92.65,5000000,2023-12-19T21:00:00Z
NVDA,NVDA Inc,NASDAQ,USD,2023-12-20,94.38,95.8,93.9,94.85,5000000,2023-12-20T21:00:00Z
NVDA,NVDA Inc,NASDAQ,USD,2023-12-21,95.66,97.1,95.18,96.14,5000000,2023-12-21T21:00:00Z
NVDA,NVDA Inc,NASDAQ,USD,2023-12-22,96.55,98.0,96.06,97.03,5000000,2023-12-22T21:00:00Z
NVDA,NVDA Inc,NASDAQ,USD,2023-12-25,98.46,99.94,97.96,98.95,5000000,2023-12-25T21:00:00Z
NVDA,NVDA Inc,NASDAQ,USD,2023-12-26,97.29,98.76,96.8,97.78,5000000,2023-12-26T21:00:00Z
NVDA,NVDA Inc,NASDAQ,USD,2023-12-27,95.96,97.41,95.48,96.44,5000000,2023-12-27T21:00:00Z
NVDA,NVDA Inc,NASDAQ,USD,2023-12-28,98.84,100.33,98.34,99.33,5000000,2023-12-28T21:00:00Z
NVDA,NVDA Inc,NASDAQ,USD,2023-12-29,98.27,99.76,97.78,98.77,5000000,2023-12-29T21:00:00Z
NVDA,NVDA Inc,NASDAQ,USD,2024-01-01,98.8,100.29,98.31,99.3,5000000,2024-01-01T21:00:00Z
NVDA,NVDA Inc,NASDAQ,USD,2024-01-02,99.13,100.62,98.63,99.63,5000000,2024-01-02T21:00:00Z
NVDA,NVDA Inc,NASDAQ,USD,2024-01-03,100.05,101.56,99.55,100.55,5000000,2024-01-03T21:00:00Z
NVDA,NVDA Inc,NASDAQ,USD,2024-01-04,100.59,102.11,100.09,101.1,5000000,2024-01-04T21:00:00Z
NVDA,NVDA Inc,NASDAQ,USD,2024-01-05,97.32,98.79,96.83,97.81,5000000,2024-01-05T21:00:00Z
NVDA,NVDA Inc,NASDAQ,USD,2024-01-08,97.17,98.64,96.68,97.66,5000000,2024-01-08T21:00:00Z
NVDA,NVDA Inc,NASDAQ,USD,2024-01-09,96.55,98.01,96.07,97.04,5000000,2024-01-09T21:00:00Z
NVDA,NVDA Inc,NASDAQ,USD,2024-01-10,98.68,100.17,98.19,99.18,5000000,2024-01-10T21:00:00Z
NVDA,NVDA Inc,NASDAQ,USD,2024-01-11,101.66,103.19,101.15,102.17,5000000,2024-01-11T21:00:00Z
NVDA,NVDA Inc,NASDAQ,USD,2024-01-12,100.46,101.98,99.96,100.97,5000000,2024-01-12T21:00:00Z
NVDA,NVDA Inc,NASDAQ,USD,2024-01-15,98.55,100.03,98.05,99.04,5000000,2024-01-15T21:00:00Z
NVDA,NVDA Inc,NASDAQ,USD,2024-01-16,97.85,99.33,97.36,98.34,5000000,2024-01-16T21:00:00Z
NVDA,NVDA Inc,NASDAQ,USD,2024-01-17,96.39,97.84,95.9,96.87,5000000,2024-01-17T21:00:00Z
NVDA,NVDA Inc,NASDAQ,USD,2024-01-18,94.91,96.34,94.43,95.39,5000000,2024-01-18T21:00:00Z
GOOGL,GOOGL Inc,NASDAQ,USD,2023-09-01,129.25,131.2,128.6,129.9,5000000,2023-09-01T21:00:00Z
GOOGL,GOOGL Inc,NASDAQ,USD,2023-09-04,128.65,130.59,128.0,129.3,5000000,2023-09-04T21:00:00Z
GOOGL,GOOGL Inc,NASDAQ,USD,2023-09-05,128.31,130.24,127.66,128.95,5000000,2023-09-05T21:00:00Z
GOOGL,GOOGL Inc,NASDAQ,USD,2023-09-06,131.89,133.88,131.23,132.55,5000000,2023-09-06T21:00:00Z
GOOGL,GOOGL Inc,NASDAQ,USD,2023-09-07,130.68,132.65,130.03,131.34,5000000,2023-09-07T21:00:00Z
GOOGL,GOOGL Inc,NASDAQ,USD,2023-09-08,130.46,132.42,129.8,131.11,5000000,2023-09-08T21:00:00Z
GOOGL,GOOGL Inc,NASDAQ,USD,2023-09-11,131.17,133.15,130.51,131.83,5000000,2023-09-11T21:00:00Z
GOOGL,GOOGL Inc,NASDAQ,USD,2023-09-12,133.34,135.35,132.67,134.01,5000000,2023-09-12T21:00:00Z
GOOGL,GOOGL Inc,NASDAQ,USD,2023-09-13,134.13,136.15,133.45,134.8,5000000,2023-09-13T21:00:00Z
GOOGL,GOOGL Inc,NASDAQ,USD,2023-09-14,134.84,136.88,134.16,135.52,5000000,2023-09-14T21:00:00Z
GOOGL,GOOGL Inc,NASDAQ,USD,2023-09-15,133.24,135.25,132.57,133.91,5000000,2023-09-15T21:00:00Z
GOOGL,GOOGL Inc,NASDAQ,USD,2023-09-18,134.09,136.11,133.41,134.76,5000000,2023-09-18T21:00:00Z
GOOGL,GOOGL Inc,NASDAQ,USD,2023-09-19,130.95,132.92,130.29,131.61,5000000,2023-09-19T21:00:00Z
GOOGL,GOOGL Inc,NASDAQ,USD,2023-09-20,131.25,133.23,130.59,131.91,5000000,2023-09-20T21:00:00Z
GOOGL,GOOGL Inc,NASDAQ,USD,2023-09-21,130.66,132.62,130.0,131.31,5000000,2023-09-21T21:00:00Z
GOOGL,GOOGL Inc,NASDAQ,USD,2023-09-22,131.35,133.33,130.69,132.01,5000000,2023-09-22T21:00:00Z
GOOGL,GOOGL Inc,NASDAQ,USD,2023-09-25,129.37,131.32,128.72,130.02,5000000,2023-09-25T21:00:00Z
GOOGL,GOOGL Inc,NASDAQ,USD,2023-09-26,127.24,129.16,126.6,127.88,5000000,2023-09-26T21:00:00Z
GOOGL,GOOGL Inc,NASDAQ,USD,2023-09-27,128.07,130.0,127.43,128.71,5000000,2023-09-27T21:00:00Z
GOOGL,GOOGL Inc,NASDAQ,USD,2023-09-28,127.82,129.75,127.18,128.46,5000000,2023-09-28T21:00:00Z
GOOGL,GOOGL Inc,NASDAQ,USD,2023-09-29,129.95,131.91,129.3,130.61,5000000,2023-09-29T21:00:00Z
GOOGL,GOOGL Inc,NASDAQ,USD,2023-10-02,128.2,130.14,127.56,128.85,5000000,2023-10-02T21:00:00Z
GOOGL,GOOGL Inc,NASDAQ,USD,2023-10-03,130.61,132.58,129.96,131.27,5000000,2023-10-03T21:00:00Z
GOOGL,GOOGL Inc,NASDAQ,USD,2023-10-04,132.9,134.9,132.23,133.57,5000000,2023-10-04T21:00:00Z
GOOGL,GOOGL Inc,NASDAQ,USD,2023-10-05,134.74,136.78,134.07,135.42,5000000,2023-10-05T21:00:00Z
GOOGL,GOOGL Inc,NASDAQ,USD,2023-10-06,138.31,140.39,137.61,139.0,5000000,2023-10-06T21:00:00Z
GOOGL,GOOGL Inc,NASDAQ,USD,2023-10-09,137.56,139.64,136.87,138.26,5000000,2023-10-09T21:00:00Z
GOOGL,GOOGL Inc,NASDAQ,USD,2023-10-10,135.72,137.77,135.04,136.41,5000000,2023-10-10T21:00:00Z
GOOGL,GOOGL Inc,NASDAQ,USD,2023-10-11,135.87,137.92,135.18,136.55,5000000,2023-10-11T21:00:00Z
GOOGL,GOOGL Inc,NASDAQ,USD,2023-10-12,139.75,141.86,139.05,140.45,5000000,2023-10-12T21:00:00Z
GOOGL,GOOGL Inc,NASDAQ,USD,2023-10-13,138.43,140.52,137.74,139.13,5000000,2023-10-13T21:00:00Z
GOOGL,GOOGL Inc,NASDAQ,USD,2023-10-16,140.09,142.2,139.38,140.79,5000000,2023-10-16T21:00:00Z
GOOGL,GOOGL Inc,NASDAQ,USD,2023-10-17,140.54,142.66,139.83,141.25,5000000,2023-10-17T21:00:00Z
GOOGL,GOOGL Inc,NASDAQ,USD,2023-10-18,141.55,143.68,140.83,142.26,5000000,2023-10-18T21:00:00Z
GOOGL,GOOGL Inc,NASDAQ,USD,2023-10-19,139.7,141.81,139.0,140.4,5000000,2023-10-19T21:00:00Z
GOOGL,GOOGL Inc,NASDAQ,USD,2023-10-20,141.18,143.31,140.47,141.89,5000000,2023-10-20T21:00:00Z
GOOGL,GOOGL Inc,NASDAQ,USD,2023-10-23,142.35,144.49,141.63,143.06,5000000,2023-10-23T21:00:00Z
GOOGL,GOOGL Inc,NASDAQ,USD,2023-10-24,144.75,146.93,144.02,145.48,5000000,2023-10-24T21:00:00Z
GOOGL,GOOGL Inc,NASDAQ,USD,2023-10-25,145.61,147.81,144.88,146.34,5000000,2023-10-25T21:00:00Z
GOOGL,GOOGL Inc,NASDAQ,USD,2023-10-26,147.47,149.69,146.73,148.21,5000000,2023-10-26T21:00:00Z
GOOGL,GOOGL Inc,NASDAQ,USD,2023-10-27,149.37,151.63,148.62,150.13,5000000,2023-10-27T21:00:00Z
GOOGL,GOOGL Inc,NASDAQ,USD,2023-10-30,151.93,154.22,151.16,152.69,5000000,2023-10-30T21:00:00Z
GOOGL,GOOGL Inc,NASDAQ,USD,2023-10-31,155.56,157.9,154.78,156.34,5000000,2023-10-31T21:00:00Z
GOOGL,GOOGL Inc,NASDAQ,USD,2023-11-01,156.6,158.96,155.81,157.38,5000000,2023-11-01T21:00:00Z
GOOGL,GOOGL Inc,NASDAQ,USD,2023-11-02,152.79,155.09,152.02,153.55,5000000,2023-11-02T21:00:00Z
GOOGL,GOOGL Inc,NASDAQ,USD,2023-11-03,152.09,154.38,151.32,152.85,5000000,2023-11-03T21:00:00Z
GOOGL,GOOGL Inc,NASDAQ,USD,2023-11-06,150.66,152.93,149.9,151.42,5000000,2023-11-06T21:00:00Z
GOOGL,GOOGL Inc,NASDAQ,USD,2023-11-07,154.16,156.48,153.38,154.93,5000000,2023-11-07T21:00:00Z
GOOGL,GOOGL Inc,NASDAQ,USD,2023-11-08,151.81,154.1,151.05,152.57,5000000,2023-11-08T21:00:00Z
GOOGL,GOOGL Inc,NASDAQ,USD,2023-11-09,147.68,149.91,146.94,148.42,5000000,2023-11-09T21:00:00Z
GOOGL,GOOGL Inc,NASDAQ,USD,2023-11-10,147.1,149.32,146.36,147.84,5000000,2023-11-10T21:00:00Z
GOOGL,GOOGL Inc,NASDAQ,USD,2023-11-13,144.74,146.92,144.01,145.46,5000000,2023-11-13T21:00:00Z
GOOGL,GOOGL Inc,NASDAQ,USD,2023-11-14,144.23,146.4,143.5,144.95,5000000,2023-11-14T21:00:00Z
GOOGL,GOOGL Inc,NASDAQ,USD,2023-11-15,146.21,148.42,145.48,146.95,5000000,2023-11-15T21:00:00Z
GOOGL,GOOGL Inc,NASDAQ,USD,2023-11-16,149.43,151.69,148.68,150.18,5000000,2023-11-16T21:00:00Z
GOOGL,GOOGL Inc,NASDAQ,USD,2023-11-17,151.32,153.6,150.56,152.08,5000000,2023-11-17T21:00:00Z
GOOGL,GOOGL Inc,NASDAQ,USD,2023-11-20,152.67,154.97,151.9,153.43,5000000,2023-11-20T21:00:00Z
GOOGL,GOOGL Inc,NASDAQ,USD,2023-11-21,149.97,152.23,149.21,150.72,5000000,2023-11-21T21:00:00Z
GOOGL,GOOGL Inc,NASDAQ,USD,2023-11-22,148.48,150.72,147.73,149.22,5000000,2023-11-22T21:00:00Z
GOOGL,GOOGL Inc,NASDAQ,USD,2023-11-23,146.56,148.77,145.82,147.3,5000000,2023-11-23T21:00:00Z
GOOGL,GOOGL Inc,NASDAQ,USD,2023-11-24,145.09,147.28,144.36,145.82,5000000,2023-11-24T21:00:00Z
GOOGL,GOOGL Inc,NASDAQ,USD,2023-11-27,145.89,148.09,145.16,146.62,5000000,2023-11-27T21:00:00Z
GOOGL,GOOGL Inc,NASDAQ,USD,2023-11-28,142.37,144.52,141.66,143.09,5000000,2023-11-28T21:00:00Z
GOOGL,GOOGL Inc,NASDAQ,USD,2023-11-29,140.81,142.93,140.1,141.52,5000000,2023-11-29T21:00:00Z
GOOGL,GOOGL Inc,NASDAQ,USD,2023-11-30,139.99,142.1,139.29,140.69,5000000,2023-11-30T21:00:00Z
GOOGL,GOOGL Inc,NASDAQ,USD,2023-12-01,142.61,144.76,141.89,143.32,5000000,2023-12-01T21:00:00Z
GOOGL,GOOGL Inc,NASDAQ,USD,2023-12-04,140.78,142.9,140.07,141.49,5000000,2023-12-04T21:00:00Z
GOOGL,GOOGL Inc,NASDAQ,USD,2023-12-05,140.81,142.93,140.1,141.51,5000000,2023-12-05T21:00:00Z
GOOGL,GOOGL Inc,NASDAQ,USD,2023-12-06,142.06,144.2,141.34,142.77,5000000,2023-12-06T21:00:00Z
GOOGL,GOOGL Inc,NASDAQ,USD,2023-12-07,140.01,142.12,139.31,140.71,5000000,2023-12-07T21:00:00Z
GOOGL,GOOGL Inc,NASDAQ,USD,2023-12-08,140.94,143.07,140.23,141.65,5000000,2023-12-08T21:00:00Z
GOOGL,GOOGL Inc,NASDAQ,USD,2023-12-11,139.35,141.45,138.65,140.05,5000000,2023-12-11T21:00:00Z
GOOGL,GOOGL Inc,NASDAQ,USD,2023-12-12,142.1,144.24,141.39,142.81,5000000,2023-12-12T21:00:00Z
GOOGL,GOOGL Inc,NASDAQ,USD,2023-12-13,140.85,142.98,140.15,141.56,5000000,2023-12-13T21:00:00Z
GOOGL,GOOGL Inc,NASDAQ,USD,2023-12-14,141.13,143.26,140.42,141.84,5000000,2023-12-14T21:00:00Z
GOOGL,GOOGL Inc,NASDAQ,USD,2023-12-15,143.77,145.93,143.04,144.49,5000000,2023-12-15T21:00:00Z
GOOGL,GOOGL Inc,NASDAQ,USD,2023-12-18,144.75,146.93,144.02,145.48,5000000,2023-12-18T21:00:00Z
GOOGL,GOOGL Inc,NASDAQ,USD,2023-12-19,146.17,148.38,145.44,146.91,5000000,2023-12-19T21:00:00Z
GOOGL,GOOGL Inc,NASDAQ,USD,2023-12-20,147.46,149.68,146.72,148.2,5000000,2023-12-20T21:00:00Z
GOOGL,GOOGL Inc,NASDAQ,USD,2023-12-21,150.46,152.73,149.71,151.22,5000000,2023-12-21T21:00:00Z
GOOGL,GOOGL Inc,NASDAQ,USD,2023-12-22,148.62,150.86,147.87,149.36,5000000,2023-12-22T21:00:00Z
GOOGL,GOOGL Inc,NASDAQ,USD,2023-12-25,152.09,154.38,151.33,152.86,5000000,2023-12-25T21:00:00Z
GOOGL,GOOGL Inc,NASDAQ,USD,2023-12-26,149.0,151.25,148.26,149.75,5000000,2023-12-26T21:00:00Z
GOOGL,GOOGL Inc,NASDAQ,USD,2023-12-27,147.16,149.38,146.42,147.9,5000000,2023-12-27T21:00:00Z
GOOGL,GOOGL Inc,NASDAQ,USD,2023-12-28,145.01,147.2,144.28,145.74,5000000,2023-12-28T21:00:00Z
GOOGL,GOOGL Inc,NASDAQ,USD,2023-12-29,142.45,144.6,141.73,143.17,5000000,2023-12-29T21:00:00Z
GOOGL,GOOGL Inc,NASDAQ,USD,2024-01-01,139.21,141.31,138.51,139.91,5000000,2024-01-01T21:00:00Z
GOOGL,GOOGL Inc,NASDAQ,USD,2024-01-02,140.9,143.03,140.2,141.61,5000000,2024-01-02T21:00:00Z
GOOGL,GOOGL Inc,NASDAQ,USD,2024-01-03,138.33,140.41,137.63,139.02,5000000,2024-01-03T21:00:00Z
GOOGL,GOOGL Inc,NASDAQ,USD,2024-01-04,138.85,140.94,138.15,139.55,5000000,2024-01-04T21:00:00Z
GOOGL,GOOGL Inc,NASDAQ,USD,2024-01-05,139.91,142.02,139.2,140.61,5000000,2024-01-05T21:00:00Z
GOOGL,GOOGL Inc,NASDAQ,USD,2024-01-08,138.56,140.65,137.86,139.25,5000000,2024-01-08T21:00:00Z
GOOGL,GOOGL Inc,NASDAQ,USD,2024-01-09,139.08,141.18,138.38,139.78,5000000,2024-01-09T21:00:00Z
GOOGL,GOOGL Inc,NASDAQ,USD,2024-01-10,138.92,141.01,138.22,139.62,5000000,2024-01-10T21:00:00Z
GOOGL,GOOGL Inc,NASDAQ,USD,2024-01-11,140.69,142.82,139.99,141.4,5000000,2024-01-11T21:00:00Z
GOOGL,GOOGL Inc,NASDAQ,USD,2024-01-12,143.36,145.52,142.64,144.08,5000000,2024-01-12T21:00:00Z
GOOGL,GOOGL Inc,NASDAQ,USD,2024-01-15,147.72,149.95,146.98,148.47,5000000,2024-01-15T21:00:00Z
GOOGL,GOOGL Inc,NASDAQ,USD,2024-01-16,147.33,149.55,146.59,148.07,5000000,2024-01-16T21:00:00Z
GOOGL,GOOGL Inc,NASDAQ,USD,2024-01-17,147.29,149.51,146.55,148.03,5000000,2024-01-17T21:00:00Z
GOOGL,GOOGL Inc,NASDAQ,USD,2024-01-18,147.19,149.41,146.45,147.93,5000000,2024-01-18T21:00:00Z
